newid,ID,Study,sample size,case,ctrl,Description,Citation,PMID,Size,Download,Link to pheweb
1,1,"Body mass index (BMI) (autosomes, all)","158,284",,,Result of GWAS for BMI in the Biobank Japan using all samples.,Genome-wide association study identifies 112 new loci for body mass index in the Japanese population.,28892062,130MB,download,"Body mass index (BMI) (autosomes, all)"
2,2,"Body mass index (BMI) (autosomes, male)","85,894",,,Result of GWAS for BMI in the Biobank Japan using male samples.,Genome-wide association study identifies 112 new loci for body mass index in the Japanese population.,28892062,130MB,download,"Body mass index (BMI) (autosomes, male)"
2,3,"Body mass index (BMI) (X-chromosome, male)","85,894",,,Result of GWAS for BMI in the Biobank Japan using male samples.,Genome-wide association study identifies 112 new loci for body mass index in the Japanese population.,28892062,3.13MB,download,"Body mass index (BMI) (X-chromosome, male)"
3,4,"Body mass index (BMI) (autosomes, female)","72,390",,,Result of GWAS for BMI in the Biobank Japan using female samples.,Genome-wide association study identifies 112 new loci for body mass index in the Japanese population.,28892062,130MB,download,"Body mass index (BMI) (autosomes, female)"
3,5,"Body mass index (BMI) (X-chromosome, female)","72,390",,,Result of GWAS for BMI in the Biobank Japan using female samples.,Genome-wide association study identifies 112 new loci for body mass index in the Japanese population.,28892062,3.16MB,download,"Body mass index (BMI) (X-chromosome, female)"
4,7,Albumin/globulin ratio (AG) (autosome),"98,626",,,Result of GWAS for AG in the Biobank Japan.,Genetic analysis of quantitative traits in the Japanese population links cell types to complex human diseases.,29403010,135MB,download,Albumin/globulin ratio (AG) (autosome)
4,8,Albumin/globulin ratio (AG) (chrX),"98,626",,,Result of GWAS for AG in the Biobank Japan.,Genetic analysis of quantitative traits in the Japanese population links cell types to complex human diseases.,29403010,3.2MB,download,Albumin/globulin ratio (AG) (chrX)
5,9,Alkaline phosphatase (ALP) (autosome),"105,030",,,Result of GWAS for ALP in the Biobank Japan.,Genetic analysis of quantitative traits in the Japanese population links cell types to complex human diseases.,29403010,135MB,download,Alkaline phosphatase (ALP) (autosome)
5,10,Alkaline phosphatase (ALP) (chrX),"105,030",,,Result of GWAS for ALP in the Biobank Japan.,Genetic analysis of quantitative traits in the Japanese population links cell types to complex human diseases.,29403010,3.2MB,download,Alkaline phosphatase (ALP) (chrX)
6,11,Alanine aminotransferase (ALT) (autosome),"134,182",,,Result of GWAS for ALT in the Biobank Japan.,Genetic analysis of quantitative traits in the Japanese population links cell types to complex human diseases.,29403010,135MB,download,Alanine aminotransferase (ALT) (autosome)
6,12,Alanine aminotransferase (ALT) (chrX),"134,182",,,Result of GWAS for ALT in the Biobank Japan.,Genetic analysis of quantitative traits in the Japanese population links cell types to complex human diseases.,29403010,3.2MB,download,Alanine aminotransferase (ALT) (chrX)
7,13,Activated partial thromboplastin time (APTT) (autosome),"37,767",,,Result of GWAS for APTT in the Biobank Japan.,Genetic analysis of quantitative traits in the Japanese population links cell types to complex human diseases.,29403010,134MB,download,Activated partial thromboplastin time (APTT) (autosome)
7,14,Activated partial thromboplastin time (APTT) (chrX),"37,767",,,Result of GWAS for APTT in the Biobank Japan.,Genetic analysis of quantitative traits in the Japanese population links cell types to complex human diseases.,29403010,3.2MB,download,Activated partial thromboplastin time (APTT) (chrX)
8,15,Aspartate aminotransferase(AST) (autosome),"134,154",,,Result of GWAS for AST in the Biobank Japan.,Genetic analysis of quantitative traits in the Japanese population links cell types to complex human diseases.,29403010,135MB,download,Aspartate aminotransferase(AST) (autosome)
8,16,Aspartate aminotransferase(AST) (chrX),"134,154",,,Result of GWAS for AST in the Biobank Japan.,Genetic analysis of quantitative traits in the Japanese population links cell types to complex human diseases.,29403010,3.2MB,download,Aspartate aminotransferase(AST) (chrX)
9,17,Albumin (Alb) (autosome),"102,223",,,Result of GWAS for Alb in the Biobank Japan.,Genetic analysis of quantitative traits in the Japanese population links cell types to complex human diseases.,29403010,135MB,download,Albumin (Alb) (autosome)
9,18,Albumin (Alb) (chrX),"102,223",,,Result of GWAS for Alb in the Biobank Japan.,Genetic analysis of quantitative traits in the Japanese population links cell types to complex human diseases.,29403010,3.2MB,download,Albumin (Alb) (chrX)
10,19,Blood sugar (BS) (autosome),"93,146",,,Result of GWAS for BS in the Biobank Japan.,Genetic analysis of quantitative traits in the Japanese population links cell types to complex human diseases.,29403010,135MB,download,Blood sugar (BS) (autosome)
10,20,Blood sugar (BS) (chrX),"93,146",,,Result of GWAS for BS in the Biobank Japan.,Genetic analysis of quantitative traits in the Japanese population links cell types to complex human diseases.,29403010,3.2MB,download,Blood sugar (BS) (chrX)
11,21,Blood urea nitrogen (BUN) (autosome),"139,818",,,Result of GWAS for BUN in the Biobank Japan.,Genetic analysis of quantitative traits in the Japanese population links cell types to complex human diseases.,29403010,135MB,download,Blood urea nitrogen (BUN) (autosome)
11,22,Blood urea nitrogen (BUN) (chrX),"139,818",,,Result of GWAS for BUN in the Biobank Japan.,Genetic analysis of quantitative traits in the Japanese population links cell types to complex human diseases.,29403010,3.2MB,download,Blood urea nitrogen (BUN) (chrX)
12,23,Basophil count (Baso) (autosome),"62,076",,,Result of GWAS for Baso in the Biobank Japan.,Genetic analysis of quantitative traits in the Japanese population links cell types to complex human diseases.,29403010,135MB,download,Basophil count (Baso) (autosome)
12,24,Basophil count (Baso) (chrX),"62,076",,,Result of GWAS for Baso in the Biobank Japan.,Genetic analysis of quantitative traits in the Japanese population links cell types to complex human diseases.,29403010,3.2MB,download,Basophil count (Baso) (chrX)
13,25,Creatine kinase (CK) (autosome),"106,080",,,Result of GWAS for CK in the Biobank Japan.,Genetic analysis of quantitative traits in the Japanese population links cell types to complex human diseases.,29403010,135MB,download,Creatine kinase (CK) (autosome)
13,26,Creatine kinase (CK) (chrX),"106,080",,,Result of GWAS for CK in the Biobank Japan.,Genetic analysis of quantitative traits in the Japanese population links cell types to complex human diseases.,29403010,3.2MB,download,Creatine kinase (CK) (chrX)
14,27,C-reactive protein (CRP) (autosome),"75,391",,,Result of GWAS for CRP in the Biobank Japan.,Genetic analysis of quantitative traits in the Japanese population links cell types to complex human diseases.,29403010,135MB,download,C-reactive protein (CRP) (autosome)
14,28,C-reactive protein (CRP) (chrX),"75,391",,,Result of GWAS for CRP in the Biobank Japan.,Genetic analysis of quantitative traits in the Japanese population links cell types to complex human diseases.,29403010,3.2MB,download,C-reactive protein (CRP) (chrX)
15,29,Calcium (Ca) (autosome),"71,701",,,Result of GWAS for Ca in the Biobank Japan.,Genetic analysis of quantitative traits in the Japanese population links cell types to complex human diseases.,29403010,135MB,download,Calcium (Ca) (autosome)
15,30,Calcium (Ca) (chrX),"71,701",,,Result of GWAS for Ca in the Biobank Japan.,Genetic analysis of quantitative traits in the Japanese population links cell types to complex human diseases.,29403010,3.2MB,download,Calcium (Ca) (chrX)
16,31,Chloride (Cl) (autosome),"126,402",,,Result of GWAS for Cl in the Biobank Japan.,Genetic analysis of quantitative traits in the Japanese population links cell types to complex human diseases.,29403010,135MB,download,Chloride (Cl) (autosome)
16,32,Chloride (Cl) (chrX),"126,402",,,Result of GWAS for Cl in the Biobank Japan.,Genetic analysis of quantitative traits in the Japanese population links cell types to complex human diseases.,29403010,3.2MB,download,Chloride (Cl) (chrX)
17,33,Diastolic blood pressure (DBP) (autosome),"136,615",,,Result of GWAS for DBP in the Biobank Japan.,Genetic analysis of quantitative traits in the Japanese population links cell types to complex human diseases.,29403010,135MB,download,Diastolic blood pressure (DBP) (autosome)
17,34,Diastolic blood pressure (DBP) (chrX),"136,615",,,Result of GWAS for DBP in the Biobank Japan.,Genetic analysis of quantitative traits in the Japanese population links cell types to complex human diseases.,29403010,3.2MB,download,Diastolic blood pressure (DBP) (chrX)
18,35,E/A ratio (EA) (autosome),"8,600",,,Result of GWAS for EA in the Biobank Japan.,Genetic analysis of quantitative traits in the Japanese population links cell types to complex human diseases.,29403010,132MB,download,E/A ratio (EA) (autosome)
18,36,E/A ratio (EA) (chrX),"8,600",,,Result of GWAS for EA in the Biobank Japan.,Genetic analysis of quantitative traits in the Japanese population links cell types to complex human diseases.,29403010,3.1MB,download,E/A ratio (EA) (chrX)
19,37,Ejection fraction (EF) (autosome),"19,516",,,Result of GWAS for EF in the Biobank Japan.,Genetic analysis of quantitative traits in the Japanese population links cell types to complex human diseases.,29403010,132MB,download,Ejection fraction (EF) (autosome)
19,38,Ejection fraction (EF) (chrX),"19,516",,,Result of GWAS for EF in the Biobank Japan.,Genetic analysis of quantitative traits in the Japanese population links cell types to complex human diseases.,29403010,3.1MB,download,Ejection fraction (EF) (chrX)
20,39,Eosinophil count (Eosino) (autosome),"62,076",,,Result of GWAS for Eosino in the Biobank Japan.,Genetic analysis of quantitative traits in the Japanese population links cell types to complex human diseases.,29403010,135MB,download,Eosinophil count (Eosino) (autosome)
20,40,Eosinophil count (Eosino) (chrX),"62,076",,,Result of GWAS for Eosino in the Biobank Japan.,Genetic analysis of quantitative traits in the Japanese population links cell types to complex human diseases.,29403010,3.2MB,download,Eosinophil count (Eosino) (chrX)
21,41,Fractional shortening (FS) (autosome),"19,580",,,Result of GWAS for FS in the Biobank Japan.,Genetic analysis of quantitative traits in the Japanese population links cell types to complex human diseases.,29403010,132MB,download,Fractional shortening (FS) (autosome)
21,42,Fractional shortening (FS) (chrX),"19,580",,,Result of GWAS for FS in the Biobank Japan.,Genetic analysis of quantitative traits in the Japanese population links cell types to complex human diseases.,29403010,3.1MB,download,Fractional shortening (FS) (chrX)
22,43,Fibrinogen (Fbg) (autosome),"18,348",,,Result of GWAS for Fbg in the Biobank Japan.,Genetic analysis of quantitative traits in the Japanese population links cell types to complex human diseases.,29403010,132MB,download,Fibrinogen (Fbg) (autosome)
22,44,Fibrinogen (Fbg) (chrX),"18,348",,,Result of GWAS for Fbg in the Biobank Japan.,Genetic analysis of quantitative traits in the Japanese population links cell types to complex human diseases.,29403010,3.1MB,download,Fibrinogen (Fbg) (chrX)
23,45,γ-glutamyl transferase (GGT) (autosome),"118,309",,,Result of GWAS for GGT in the Biobank Japan.,Genetic analysis of quantitative traits in the Japanese population links cell types to complex human diseases.,29403010,135MB,download,γ-glutamyl transferase (GGT) (autosome)
23,46,γ-glutamyl transferase (GGT) (chrX),"118,309",,,Result of GWAS for GGT in the Biobank Japan.,Genetic analysis of quantitative traits in the Japanese population links cell types to complex human diseases.,29403010,3.2MB,download,γ-glutamyl transferase (GGT) (chrX)
24,47,High-density-lipoprotein cholesterol (HDL-C) (autosome),"70,657",,,Result of GWAS for HDL-C in the Biobank Japan.,Genetic analysis of quantitative traits in the Japanese population links cell types to complex human diseases.,29403010,135MB,download,High-density-lipoprotein cholesterol (HDL-C) (autosome)
24,48,High-density-lipoprotein cholesterol (HDL-C) (chrX),"70,657",,,Result of GWAS for HDL-C in the Biobank Japan.,Genetic analysis of quantitative traits in the Japanese population links cell types to complex human diseases.,29403010,3.2MB,download,High-density-lipoprotein cholesterol (HDL-C) (chrX)
25,49,Hemoglobin (Hb) (autosome),"108,769",,,Result of GWAS for Hb in the Biobank Japan.,Genetic analysis of quantitative traits in the Japanese population links cell types to complex human diseases.,29403010,135MB,download,Hemoglobin (Hb) (autosome)
25,50,Hemoglobin (Hb) (chrX),"108,769",,,Result of GWAS for Hb in the Biobank Japan.,Genetic analysis of quantitative traits in the Japanese population links cell types to complex human diseases.,29403010,3.2MB,download,Hemoglobin (Hb) (chrX)
26,51,Hemoglobin A1c (HbA1c) (autosome),"42,790",,,Result of GWAS for HbA1c in the Biobank Japan.,Genetic analysis of quantitative traits in the Japanese population links cell types to complex human diseases.,29403010,135MB,download,Hemoglobin A1c (HbA1c) (autosome)
26,52,Hemoglobin A1c (HbA1c) (chrX),"42,790",,,Result of GWAS for HbA1c in the Biobank Japan.,Genetic analysis of quantitative traits in the Japanese population links cell types to complex human diseases.,29403010,3.2MB,download,Hemoglobin A1c (HbA1c) (chrX)
27,53,Hematocrit (Ht) (autosome),"108,757",,,Result of GWAS for Ht in the Biobank Japan.,Genetic analysis of quantitative traits in the Japanese population links cell types to complex human diseases.,29403010,135MB,download,Hematocrit (Ht) (autosome)
27,54,Hematocrit (Ht) (chrX),"108,757",,,Result of GWAS for Ht in the Biobank Japan.,Genetic analysis of quantitative traits in the Japanese population links cell types to complex human diseases.,29403010,3.2MB,download,Hematocrit (Ht) (chrX)
28,55,Interventricular septum thickness (IVS) (autosome),"19,318",,,Result of GWAS for IVS in the Biobank Japan.,Genetic analysis of quantitative traits in the Japanese population links cell types to complex human diseases.,29403010,132MB,download,Interventricular septum thickness (IVS) (autosome)
28,56,Interventricular septum thickness (IVS) (chrX),"19,318",,,Result of GWAS for IVS in the Biobank Japan.,Genetic analysis of quantitative traits in the Japanese population links cell types to complex human diseases.,29403010,3.1MB,download,Interventricular septum thickness (IVS) (chrX)
29,57,Potassium (K) (autosome),"132,938",,,Result of GWAS for K in the Biobank Japan.,Genetic analysis of quantitative traits in the Japanese population links cell types to complex human diseases.,29403010,135MB,download,Potassium (K) (autosome)
29,58,Potassium (K) (chrX),"132,938",,,Result of GWAS for K in the Biobank Japan.,Genetic analysis of quantitative traits in the Japanese population links cell types to complex human diseases.,29403010,3.2MB,download,Potassium (K) (chrX)
30,59,Lactate dehydrogenase (LDH) (autosome),"126,319",,,Result of GWAS for LDH in the Biobank Japan.,Genetic analysis of quantitative traits in the Japanese population links cell types to complex human diseases.,29403010,135MB,download,Lactate dehydrogenase (LDH) (autosome)
30,60,Lactate dehydrogenase (LDH) (chrX),"126,319",,,Result of GWAS for LDH in the Biobank Japan.,Genetic analysis of quantitative traits in the Japanese population links cell types to complex human diseases.,29403010,3.2MB,download,Lactate dehydrogenase (LDH) (chrX)
31,61,Low-density-lipoprotein cholesterol (LDL-C) (autosome),"72,866",,,Result of GWAS for LDL-C in the Biobank Japan.,Genetic analysis of quantitative traits in the Japanese population links cell types to complex human diseases.,29403010,135MB,download,Low-density-lipoprotein cholesterol (LDL-C) (autosome)
31,62,Low-density-lipoprotein cholesterol (LDL-C) (chrX),"72,866",,,Result of GWAS for LDL-C in the Biobank Japan.,Genetic analysis of quantitative traits in the Japanese population links cell types to complex human diseases.,29403010,3.2MB,download,Low-density-lipoprotein cholesterol (LDL-C) (chrX)
32,63,Left ventricular internal dimension in diastole (LVDd) (autosome),"19,676",,,Result of GWAS for LVDd in the Biobank Japan.,Genetic analysis of quantitative traits in the Japanese population links cell types to complex human diseases.,29403010,132MB,download,Left ventricular internal dimension in diastole (LVDd) (autosome)
32,64,Left ventricular internal dimension in diastole (LVDd) (chrX),"19,676",,,Result of GWAS for LVDd in the Biobank Japan.,Genetic analysis of quantitative traits in the Japanese population links cell types to complex human diseases.,29403010,3.1MB,download,Left ventricular internal dimension in diastole (LVDd) (chrX)
33,65,Left ventricular internal dimension in systole (LVDs) (autosome),"19,586",,,Result of GWAS for LVDs in the Biobank Japan.,Genetic analysis of quantitative traits in the Japanese population links cell types to complex human diseases.,29403010,132MB,download,Left ventricular internal dimension in systole (LVDs) (autosome)
33,66,Left ventricular internal dimension in systole (LVDs) (chrX),"19,586",,,Result of GWAS for LVDs in the Biobank Japan.,Genetic analysis of quantitative traits in the Japanese population links cell types to complex human diseases.,29403010,3.1MB,download,Left ventricular internal dimension in systole (LVDs) (chrX)
34,67,Left ventricular mass (LVM) (autosome),"19,076",,,Result of GWAS for LVM in the Biobank Japan.,Genetic analysis of quantitative traits in the Japanese population links cell types to complex human diseases.,29403010,132MB,download,Left ventricular mass (LVM) (autosome)
34,68,Left ventricular mass (LVM) (chrX),"19,076",,,Result of GWAS for LVM in the Biobank Japan.,Genetic analysis of quantitative traits in the Japanese population links cell types to complex human diseases.,29403010,3.1MB,download,Left ventricular mass (LVM) (chrX)
35,69,Left ventricular mass index (LVMI) (autosome),"17,837",,,Result of GWAS for LVMI in the Biobank Japan.,Genetic analysis of quantitative traits in the Japanese population links cell types to complex human diseases.,29403010,132MB,download,Left ventricular mass index (LVMI) (autosome)
35,70,Left ventricular mass index (LVMI) (chrX),"17,837",,,Result of GWAS for LVMI in the Biobank Japan.,Genetic analysis of quantitative traits in the Japanese population links cell types to complex human diseases.,29403010,3.1MB,download,Left ventricular mass index (LVMI) (chrX)
36,71,Lymphocyte count (Lym) (autosome),"62,076",,,Result of GWAS for Lym in the Biobank Japan.,Genetic analysis of quantitative traits in the Japanese population links cell types to complex human diseases.,29403010,135MB,download,Lymphocyte count (Lym) (autosome)
36,72,Lymphocyte count (Lym) (chrX),"62,076",,,Result of GWAS for Lym in the Biobank Japan.,Genetic analysis of quantitative traits in the Japanese population links cell types to complex human diseases.,29403010,3.2MB,download,Lymphocyte count (Lym) (chrX)
37,73,Mean arterial pressure (MAP) (autosome),"136,482",,,Result of GWAS for MAP in the Biobank Japan.,Genetic analysis of quantitative traits in the Japanese population links cell types to complex human diseases.,29403010,135MB,download,Mean arterial pressure (MAP) (autosome)
37,74,Mean arterial pressure (MAP) (chrX),"136,482",,,Result of GWAS for MAP in the Biobank Japan.,Genetic analysis of quantitative traits in the Japanese population links cell types to complex human diseases.,29403010,3.2MB,download,Mean arterial pressure (MAP) (chrX)
38,75,Mean corpuscular hemoglobin (MCH) (autosome),"108,054",,,Result of GWAS for MCH in the Biobank Japan.,Genetic analysis of quantitative traits in the Japanese population links cell types to complex human diseases.,29403010,135MB,download,Mean corpuscular hemoglobin (MCH) (autosome)
38,76,Mean corpuscular hemoglobin (MCH) (chrX),"108,054",,,Result of GWAS for MCH in the Biobank Japan.,Genetic analysis of quantitative traits in the Japanese population links cell types to complex human diseases.,29403010,3.2MB,download,Mean corpuscular hemoglobin (MCH) (chrX)
39,77,Mean corpuscular hemoglobin concentration (MCHC) (autosome),"108,728",,,Result of GWAS for MCHC in the Biobank Japan.,Genetic analysis of quantitative traits in the Japanese population links cell types to complex human diseases.,29403010,135MB,download,Mean corpuscular hemoglobin concentration (MCHC) (autosome)
39,78,Mean corpuscular hemoglobin concentration (MCHC) (chrX),"108,728",,,Result of GWAS for MCHC in the Biobank Japan.,Genetic analysis of quantitative traits in the Japanese population links cell types to complex human diseases.,29403010,3.2MB,download,Mean corpuscular hemoglobin concentration (MCHC) (chrX)
40,79,Mean corpuscular volume (MCV) (autosome),"108,256",,,Result of GWAS for MCV in the Biobank Japan.,Genetic analysis of quantitative traits in the Japanese population links cell types to complex human diseases.,29403010,135MB,download,Mean corpuscular volume (MCV) (autosome)
40,80,Mean corpuscular volume (MCV) (chrX),"108,256",,,Result of GWAS for MCV in the Biobank Japan.,Genetic analysis of quantitative traits in the Japanese population links cell types to complex human diseases.,29403010,3.2MB,download,Mean corpuscular volume (MCV) (chrX)
41,81,Monocyte count (Mono) (autosome),"62,076",,,Result of GWAS for Mono in the Biobank Japan.,Genetic analysis of quantitative traits in the Japanese population links cell types to complex human diseases.,29403010,135MB,download,Monocyte count (Mono) (autosome)
41,82,Monocyte count (Mono) (chrX),"62,076",,,Result of GWAS for Mono in the Biobank Japan.,Genetic analysis of quantitative traits in the Japanese population links cell types to complex human diseases.,29403010,3.2MB,download,Monocyte count (Mono) (chrX)
42,83,Non-albumin protein (NAP) (autosome),"98,538",,,Result of GWAS for NAP in the Biobank Japan.,Genetic analysis of quantitative traits in the Japanese population links cell types to complex human diseases.,29403010,135MB,download,Non-albumin protein (NAP) (autosome)
42,84,Non-albumin protein (NAP) (chrX),"98,538",,,Result of GWAS for NAP in the Biobank Japan.,Genetic analysis of quantitative traits in the Japanese population links cell types to complex human diseases.,29403010,3.2MB,download,Non-albumin protein (NAP) (chrX)
43,85,Sodium (Na) (autosome),"127,304",,,Result of GWAS for Na in the Biobank Japan.,Genetic analysis of quantitative traits in the Japanese population links cell types to complex human diseases.,29403010,135MB,download,Sodium (Na) (autosome)
43,86,Sodium (Na) (chrX),"127,304",,,Result of GWAS for Na in the Biobank Japan.,Genetic analysis of quantitative traits in the Japanese population links cell types to complex human diseases.,29403010,3.2MB,download,Sodium (Na) (chrX)
44,87,Neutrophil count (Neutro) (autosome),"62,076",,,Result of GWAS for Neutro in the Biobank Japan.,Genetic analysis of quantitative traits in the Japanese population links cell types to complex human diseases.,29403010,135MB,download,Neutrophil count (Neutro) (autosome)
44,88,Neutrophil count (Neutro) (chrX),"62,076",,,Result of GWAS for Neutro in the Biobank Japan.,Genetic analysis of quantitative traits in the Japanese population links cell types to complex human diseases.,29403010,3.2MB,download,Neutrophil count (Neutro) (chrX)
45,89,Phosphorus (P) (autosome),"42,793",,,Result of GWAS for P in the Biobank Japan.,Genetic analysis of quantitative traits in the Japanese population links cell types to complex human diseases.,29403010,135MB,download,Phosphorus (P) (autosome)
45,90,Phosphorus (P) (chrX),"42,793",,,Result of GWAS for P in the Biobank Japan.,Genetic analysis of quantitative traits in the Japanese population links cell types to complex human diseases.,29403010,3.2MB,download,Phosphorus (P) (chrX)
46,91,Pulse pressure (PP) (autosome),"136,249",,,Result of GWAS for PP in the Biobank Japan.,Genetic analysis of quantitative traits in the Japanese population links cell types to complex human diseases.,29403010,135MB,download,Pulse pressure (PP) (autosome)
46,92,Pulse pressure (PP) (chrX),"136,249",,,Result of GWAS for PP in the Biobank Japan.,Genetic analysis of quantitative traits in the Japanese population links cell types to complex human diseases.,29403010,3.2MB,download,Pulse pressure (PP) (chrX)
47,93,Prothrombin time (PT) (autosome),"58,110",,,Result of GWAS for PT in the Biobank Japan.,Genetic analysis of quantitative traits in the Japanese population links cell types to complex human diseases.,29403010,135MB,download,Prothrombin time (PT) (autosome)
47,94,Prothrombin time (PT) (chrX),"58,110",,,Result of GWAS for PT in the Biobank Japan.,Genetic analysis of quantitative traits in the Japanese population links cell types to complex human diseases.,29403010,3.2MB,download,Prothrombin time (PT) (chrX)
48,95,Posterior wall thickness (PW) (autosome),"19,373",,,Result of GWAS for PW in the Biobank Japan.,Genetic analysis of quantitative traits in the Japanese population links cell types to complex human diseases.,29403010,132MB,download,Posterior wall thickness (PW) (autosome)
48,96,Posterior wall thickness (PW) (chrX),"19,373",,,Result of GWAS for PW in the Biobank Japan.,Genetic analysis of quantitative traits in the Japanese population links cell types to complex human diseases.,29403010,3.1MB,download,Posterior wall thickness (PW) (chrX)
49,97,Platelet count (Plt) (autosome),"108,208",,,Result of GWAS for Plt in the Biobank Japan.,Genetic analysis of quantitative traits in the Japanese population links cell types to complex human diseases.,29403010,135MB,download,Platelet count (Plt) (autosome)
49,98,Platelet count (Plt) (chrX),"108,208",,,Result of GWAS for Plt in the Biobank Japan.,Genetic analysis of quantitative traits in the Japanese population links cell types to complex human diseases.,29403010,3.2MB,download,Platelet count (Plt) (chrX)
50,99,Red blood cell count (RBC) (autosome),"108,794",,,Result of GWAS for RBC in the Biobank Japan.,Genetic analysis of quantitative traits in the Japanese population links cell types to complex human diseases.,29403010,135MB,download,Red blood cell count (RBC) (autosome)
50,100,Red blood cell count (RBC) (chrX),"108,794",,,Result of GWAS for RBC in the Biobank Japan.,Genetic analysis of quantitative traits in the Japanese population links cell types to complex human diseases.,29403010,3.2MB,download,Red blood cell count (RBC) (chrX)
51,101,Relative wall thickness (RWT) (autosome),"19,311",,,Result of GWAS for RWT in the Biobank Japan.,Genetic analysis of quantitative traits in the Japanese population links cell types to complex human diseases.,29403010,132MB,download,Relative wall thickness (RWT) (autosome)
51,102,Relative wall thickness (RWT) (chrX),"19,311",,,Result of GWAS for RWT in the Biobank Japan.,Genetic analysis of quantitative traits in the Japanese population links cell types to complex human diseases.,29403010,3.1MB,download,Relative wall thickness (RWT) (chrX)
52,103,Systolic blood pressure (SBP) (autosome),"136,597",,,Result of GWAS for SBP in the Biobank Japan.,Genetic analysis of quantitative traits in the Japanese population links cell types to complex human diseases.,29403010,135MB,download,Systolic blood pressure (SBP) (autosome)
52,104,Systolic blood pressure (SBP) (chrX),"136,597",,,Result of GWAS for SBP in the Biobank Japan.,Genetic analysis of quantitative traits in the Japanese population links cell types to complex human diseases.,29403010,3.2MB,download,Systolic blood pressure (SBP) (chrX)
53,105,Total bilirubin (TBil) (autosome),"110,207",,,Result of GWAS for TBil in the Biobank Japan.,Genetic analysis of quantitative traits in the Japanese population links cell types to complex human diseases.,29403010,135MB,download,Total bilirubin (TBil) (autosome)
53,106,Total bilirubin (TBil) (chrX),"110,207",,,Result of GWAS for TBil in the Biobank Japan.,Genetic analysis of quantitative traits in the Japanese population links cell types to complex human diseases.,29403010,3.2MB,download,Total bilirubin (TBil) (chrX)
54,107,Total cholesterol (TC) (autosome),"128,305",,,Result of GWAS for TC in the Biobank Japan.,Genetic analysis of quantitative traits in the Japanese population links cell types to complex human diseases.,29403010,135MB,download,Total cholesterol (TC) (autosome)
54,108,Total cholesterol (TC) (chrX),"128,305",,,Result of GWAS for TC in the Biobank Japan.,Genetic analysis of quantitative traits in the Japanese population links cell types to complex human diseases.,29403010,3.2MB,download,Total cholesterol (TC) (chrX)
55,109,Triglyceride (TG) (autosome),"105,597",,,Result of GWAS for TG in the Biobank Japan.,Genetic analysis of quantitative traits in the Japanese population links cell types to complex human diseases.,29403010,135MB,download,Triglyceride (TG) (autosome)
55,110,Triglyceride (TG) (chrX),"105,597",,,Result of GWAS for TG in the Biobank Japan.,Genetic analysis of quantitative traits in the Japanese population links cell types to complex human diseases.,29403010,3.2MB,download,Triglyceride (TG) (chrX)
56,111,Total protein (TP) (autosome),"113,509",,,Result of GWAS for TP in the Biobank Japan.,Genetic analysis of quantitative traits in the Japanese population links cell types to complex human diseases.,29403010,135MB,download,Total protein (TP) (autosome)
56,112,Total protein (TP) (chrX),"113,509",,,Result of GWAS for TP in the Biobank Japan.,Genetic analysis of quantitative traits in the Japanese population links cell types to complex human diseases.,29403010,3.2MB,download,Total protein (TP) (chrX)
57,113,Uric acid (UA) (autosome),"109,029",,,Result of GWAS for UA in the Biobank Japan.,Genetic analysis of quantitative traits in the Japanese population links cell types to complex human diseases.,29403010,135MB,download,Uric acid (UA) (autosome)
57,114,Uric acid (UA) (chrX),"109,029",,,Result of GWAS for UA in the Biobank Japan.,Genetic analysis of quantitative traits in the Japanese population links cell types to complex human diseases.,29403010,3.2MB,download,Uric acid (UA) (chrX)
58,115,White blood cell count (WBC) (autosome),"107,964",,,Result of GWAS for WBC in the Biobank Japan.,Genetic analysis of quantitative traits in the Japanese population links cell types to complex human diseases.,29403010,135MB,download,White blood cell count (WBC) (autosome)
58,116,White blood cell count (WBC) (chrX),"107,964",,,Result of GWAS for WBC in the Biobank Japan.,Genetic analysis of quantitative traits in the Japanese population links cell types to complex human diseases.,29403010,3.2MB,download,White blood cell count (WBC) (chrX)
59,117,Zinc sulfate turbidity test (ZTT) (autosome),"12,303",,,Result of GWAS for ZTT in the Biobank Japan.,Genetic analysis of quantitative traits in the Japanese population links cell types to complex human diseases.,29403010,133MB,download,Zinc sulfate turbidity test (ZTT) (autosome)
59,118,Zinc sulfate turbidity test (ZTT) (chrX),"12,303",,,Result of GWAS for ZTT in the Biobank Japan.,Genetic analysis of quantitative traits in the Japanese population links cell types to complex human diseases.,29403010,3.1MB,download,Zinc sulfate turbidity test (ZTT) (chrX)
60,119,Estimated glomerular filtration rate (eGFR) (autosome),"143,658",,,Result of GWAS for eGFR in the Biobank Japan.,Genetic analysis of quantitative traits in the Japanese population links cell types to complex human diseases.,29403010,135MB,download,Estimated glomerular filtration rate (eGFR) (autosome)
60,120,Estimated glomerular filtration rate (eGFR) (chrX),"143,658",,,Result of GWAS for eGFR in the Biobank Japan.,Genetic analysis of quantitative traits in the Japanese population links cell types to complex human diseases.,29403010,3.2MB,download,Estimated glomerular filtration rate (eGFR) (chrX)
61,121,Serum creatinine (sCr) (autosome),"142,097",,,Result of GWAS for sCr in the Biobank Japan.,Genetic analysis of quantitative traits in the Japanese population links cell types to complex human diseases.,29403010,135MB,download,Serum creatinine (sCr) (autosome)
61,122,Serum creatinine (sCr) (chrX),"142,097",,,Result of GWAS for sCr in the Biobank Japan.,Genetic analysis of quantitative traits in the Japanese population links cell types to complex human diseases.,29403010,3.2MB,download,Serum creatinine (sCr) (chrX)
62,123,Menarche,"67,029",,,Association results of Menarche GWAS using NBDC Data Set.,Elucidating the genetic architecture of reproductive ageing in the Japanese population,29773799,176MB,download,Menarche
63,124,Menopause,"43,861",,,Association results of Menopause GWAS using NBDC Data Set.,Elucidating the genetic architecture of reproductive ageing in the Japanese population,29773799,181MB,download,Menopause
64,125,"Smoking behaviors : Age of smoking initiation (autosome, all)","30,418",,,Association result of GWAS for age of smoking initiation in the Biobank Japan.,"GWAS of smoking behaviour in 165,436 Japanese people reveals seven new loci and shared genetic architecture",31089300,154MB,download,"Smoking behaviors : Age of smoking initiation (autosome, all)"
65,126,"Smoking behaviors : Age of smoking initiation (autosome, male)","23,039",,,Association result of GWAS for age of smoking initiation in the Biobank Japan.,"GWAS of smoking behaviour in 165,436 Japanese people reveals seven new loci and shared genetic architecture",31089300,153MB,download,"Smoking behaviors : Age of smoking initiation (autosome, male)"
65,127,"Smoking behaviors : Age of smoking initiation (X-chromosome, male)","23,039",,,Association result of GWAS for age of smoking initiation in the Biobank Japan.,"GWAS of smoking behaviour in 165,436 Japanese people reveals seven new loci and shared genetic architecture",31089300,5.05MB,download,"Smoking behaviors : Age of smoking initiation (X-chromosome, male)"
66,128,"Smoking behaviors : Age of smoking initiation (autosome, female)","7,379",,,Association result of GWAS for age of smoking initiation in the Biobank Japan.,"GWAS of smoking behaviour in 165,436 Japanese people reveals seven new loci and shared genetic architecture",31089300,144MB,download,"Smoking behaviors : Age of smoking initiation (autosome, female)"
66,129,"Smoking behaviors : Age of smoking initiation (X-chromosome, female)","7,379",,,Association result of GWAS for age of smoking initiation in the Biobank Japan.,"GWAS of smoking behaviour in 165,436 Japanese people reveals seven new loci and shared genetic architecture",31089300,4.49MB,download,"Smoking behaviors : Age of smoking initiation (X-chromosome, female)"
67,130,"Smoking behaviors : Cigarettes per day (autosome, all)","72,655",,,Association result of GWAS for cigarettes per day in the Biobank Japan.,"GWAS of smoking behaviour in 165,436 Japanese people reveals seven new loci and shared genetic architecture",31089300,155MB,download,"Smoking behaviors : Cigarettes per day (autosome, all)"
68,131,"Smoking behaviors : Cigarettes per day (autosome, male)","58,784",,,Association result of GWAS for cigarettes per day in the Biobank Japan.,"GWAS of smoking behaviour in 165,436 Japanese people reveals seven new loci and shared genetic architecture",31089300,155MB,download,"Smoking behaviors : Cigarettes per day (autosome, male)"
68,132,"Smoking behaviors : Cigarettes per day (X-chromosome, male)","58,784",,,Association result of GWAS for cigarettes per day in the Biobank Japan.,"GWAS of smoking behaviour in 165,436 Japanese people reveals seven new loci and shared genetic architecture",31089300,5.15MB,download,"Smoking behaviors : Cigarettes per day (X-chromosome, male)"
69,133,"Smoking behaviors : Cigarettes per day (autosome, female)","13,871",,,Association result of GWAS for cigarettes per day in the Biobank Japan.,"GWAS of smoking behaviour in 165,436 Japanese people reveals seven new loci and shared genetic architecture",31089300,153MB,download,"Smoking behaviors : Cigarettes per day (autosome, female)"
69,134,"Smoking behaviors : Cigarettes per day (X-chromosome, female)","13,871",,,Association result of GWAS for cigarettes per day in the Biobank Japan.,"GWAS of smoking behaviour in 165,436 Japanese people reveals seven new loci and shared genetic architecture",31089300,4.48MB,download,"Smoking behaviors : Cigarettes per day (X-chromosome, female)"
70,135,"Height (autosome, all)","159,095",,,Result of GWAS for Height in the Biobank Japan.,Characterizing rare and low-frequency height-associated variants in the Japanese population,26367797,614MB,download,
NA,136,"Height (X-chromosome, male)","86,257",,,Result of GWAS for Height in the Biobank Japan.,Characterizing rare and low-frequency height-associated variants in the Japanese population,26367797,16.4MB,download,
NA,137,"Height (X-chromosome, female)","72,838",,,Result of GWAS for Height in the Biobank Japan.,Characterizing rare and low-frequency height-associated variants in the Japanese population,26367797,16.5MB,download,
71,1,Atrial Fibrillation,,"8,180 [M=5,713, F=2,467]","28,612 [M=11,223, F=17,389]",Genome-wide association study and imputation analyses to identify susceptibility loci associated with atrial fibrillation in Japanese population.,Identification of six new genetic loci associated with atrial fibrillation in the Japanese population,28416822,119MB,download,Atrial Fibrillation
72,2,Rheumatoid Arthritis (Asian),,"3,636","15,554",Association results of rheumatoid arthritis GWAS meta-analysis using Asian samples.,Genetics of rheumatoid arthritis contributes to biology and drug discovery,24390342,165MB,download,Rheumatoid Arthritis (Asian)
72,3,Rheumatoid Arthritis (Asian ChrX),,"3,161","15,032",Association results of rheumatoid arthritis GWAS meta-analysis using Asian samples.,Genetics of rheumatoid arthritis contributes to biology and drug discovery,24390342,4.63MB,download,Rheumatoid Arthritis (Asian ChrX)
73,4,Rheumatoid Arthritis (European),,"2,843","5,540",Association results of rheumatoid arthritis GWAS meta-analysis using European samples.,Genetics of rheumatoid arthritis contributes to biology and drug discovery,24390342,242M,download,Rheumatoid Arthritis (European)
73,5,Rheumatoid Arthritis (European ChrX),,"3,654","8,367",Association results of rheumatoid arthritis GWAS meta-analysis using European samples.,Genetics of rheumatoid arthritis contributes to biology and drug discovery,24390342,6.72MB,download,Rheumatoid Arthritis (European ChrX)
74,6,Rheumatoid Arthritis (TransEthnic),,"3,636","15,554",Association results of rheumatoid arthritis GWAS meta-analysis using TransEthnic samples.,Genetics of rheumatoid arthritis contributes to biology and drug discovery,24390342,276MB,download,Rheumatoid Arthritis (TransEthnic)
74,7,Rheumatoid Arthritis (TransEthnic ChrX),,"3,654","8,367",Association results of rheumatoid arthritis GWAS meta-analysis using TransEthnic samples.,Genetics of rheumatoid arthritis contributes to biology and drug discovery,24390342,7.74MB,download,Rheumatoid Arthritis (TransEthnic ChrX)
75,8,"Open-angle glaucoma (autosomes, all)",,"3,980 [M=1,997, F=1,983]","18,815 [ M=7,817, F=10,998]",Association results of Open-angle glaucoma GWAS using all samples.,Genome-wide association study identifies seven novel susceptibility loci for primary open-angle glaucoma,29452408,122MB,download,"Open-angle glaucoma (autosomes, all)"
NA,9,"Open-angle glaucoma (X-chromosome, male)",,"1,997","7,817",Association results of Open-angle glaucoma GWAS using male samples.,Genome-wide association study identifies seven novel susceptibility loci for primary open-angle glaucoma,29452408,2.89MB,download,"Open-angle glaucoma (X-chromosome, male)"
NA,10,"Open-angle glaucoma (X-chromosome, female)",,"1,983","10,998",Association results of Open-angle glaucoma GWAS using female samples.,Genome-wide association study identifies seven novel susceptibility loci for primary open-angle glaucoma,29452408,2.96MB,download,"Open-angle glaucoma (X-chromosome, female)"
76,11,Colorectal Cancer,,"6,692","27,178",Association results of Colorectal cancer (CRC) GWAS.,GWAS identifies two novel colorectal cancer loci at 16q24.1 and 20q13.12,29471430,351MB,download,Colorectal_Cancer
77,14,Type 2 Diabetes,,"36,614","155,150",Association results of Type 2 Diabetes GWAS in the Biobank Japan.,Identification of 28 new susceptibility loci for type 2 diabetes in the Japanese population,30718926,261 MB,download,Type 2 Diabetes
78,15,"Smoking behaviors : Smoking initiation (autosome, all)",,"83,810","81,626",Association result of GWAS for smoking initiation in the Biobank Japan.,"GWAS of smoking behaviour in 165,436 Japanese people reveals seven new loci and shared genetic architecture",31089300,155MB,download,"Smoking behaviors : Smoking initiation (autosome, all)"
79,16,"Smoking behaviors : Smoking initiation (autosome, male)",,"67,773","21,905",Association result of GWAS for smoking initiation in the Biobank Japan.,"GWAS of smoking behaviour in 165,436 Japanese people reveals seven new loci and shared genetic architecture",31089300,155MB,download,"Smoking behaviors : Smoking initiation (autosome, male)"
79,17,"Smoking behaviors : Smoking initiation (X-chromosome, male)",,"67,773","21,905",Association result of GWAS for smoking initiation in the Biobank Japan.,"GWAS of smoking behaviour in 165,436 Japanese people reveals seven new loci and shared genetic architecture",31089300,5.13MB,download,"Smoking behaviors : Smoking initiation (X-chromosome, male)"
80,18,"Smoking behaviors : Smoking initiation (autosome, female)",,"16,077","59,721",Association result of GWAS for smoking initiation in the Biobank Japan.,"GWAS of smoking behaviour in 165,436 Japanese people reveals seven new loci and shared genetic architecture",31089300,154MB,download,"Smoking behaviors : Smoking initiation (autosome, female)"
80,19,"Smoking behaviors : Smoking initiation (X-chromosome, female)",,"16,077","59,721",Association result of GWAS for smoking initiation in the Biobank Japan.,"GWAS of smoking behaviour in 165,436 Japanese people reveals seven new loci and shared genetic architecture",31089300,4.49MB,download,"Smoking behaviors : Smoking initiation (X-chromosome, female)"
81,20,"Smoking behaviors : Smoking cessation (autosome, all)",,"43,163","32,884",Association result of GWAS for smoking cessation in the Biobank Japan.,"GWAS of smoking behaviour in 165,436 Japanese people reveals seven new loci and shared genetic architecture",31089300,155MB,download,"Smoking behaviors : Smoking cessation (autosome, all)"
82,21,"Smoking behaviors : Smoking cessation (autosome, male)",,"36,787","24,909",Association result of GWAS for smoking cessation in the Biobank Japan.,"GWAS of smoking behaviour in 165,436 Japanese people reveals seven new loci and shared genetic architecture",31089300,155MB,download,"Smoking behaviors : Smoking cessation (autosome, male)"
82,22,"Smoking behaviors : Smoking cessation (X-chromosome, male)",,"36,787","24,909",Association result of GWAS for smoking cessation in the Biobank Japan.,"GWAS of smoking behaviour in 165,436 Japanese people reveals seven new loci and shared genetic architecture",31089300,5.12MB,download,"Smoking behaviors : Smoking cessation (X-chromosome, male)"
83,23,"Smoking behaviors : Smoking cessation (autosome, female)",,"6,376","7,975",Association result of GWAS for smoking cessation in the Biobank Japan.,"GWAS of smoking behaviour in 165,436 Japanese people reveals seven new loci and shared genetic architecture",31089300,155MB,download,"Smoking behaviors : Smoking cessation (autosome, female)"
83,24,"Smoking behaviors : Smoking cessation (X-chromosome, female)",,"6,376","7,975",Association result of GWAS for smoking cessation in the Biobank Japan.,"GWAS of smoking behaviour in 165,436 Japanese people reveals seven new loci and shared genetic architecture",31089300,4.50MB,download,"Smoking behaviors : Smoking cessation (X-chromosome, female)"
84,25,Adolescent idiopathic scoliosis (all),,"5,327","73,884",Association results of Adolescent idiopathic scoliosis GWAS in the Biobank Japan.,Genome-wide association study identifies 14 previously unreported susceptibility loci for adolescent idiopathic scoliosis in Japanese,31417091,207MB,download,
85,27,Adolescent idiopathic scoliosis (female),,"5,004","33,679",Association results of Adolescent idiopathic scoliosis GWAS in the Biobank Japan.,Genome-wide association study identifies 14 previously unreported susceptibility loci for adolescent idiopathic scoliosis in Japanese,31417091,208MB,download,
86,28,Arrhythmia,,"17,861 [M=11,525, F=6,336]","194,592 [M=97,822, F=96,770]",Association result of GWAS for Arrhythmia in the Biobank Japan.,Large scale genome-wide association study in a Japanese population identified 45 novel susceptibility loci for 22 diseases,,882MB,download,
87,29,Arrhythmia(sex stratified),,"17,861 [M=11,525, F=6,336]","194,592 [M=97,822, F=96,770]",Association result of GWAS for Arrhythmia in the Biobank Japan.,Large scale genome-wide association study in a Japanese population identified 45 novel susceptibility loci for 22 diseases,,1.3GB,download,
88,30,Asthma,,"8,216 [M=3,932, F=4,284]","201,592 [M=103,089, F=98,503]",Association result of GWAS for Asthma in the Biobank Japan.,Large scale genome-wide association study in a Japanese population identified 45 novel susceptibility loci for 22 diseases,,880MB,download,
89,31,Asthma(sex stratified),,"8,216 [M=3,932, F=4,284]","201,592 [M=103,089, F=98,503]",Association result of GWAS for Asthma in the Biobank Japan.,Large scale genome-wide association study in a Japanese population identified 45 novel susceptibility loci for 22 diseases,,1.3GB,download,
90,32,Atopic dermatitis,,"2,385 [M=1,262, F=1,123]","209,651 [M=107,862, F=101,789]",Association result of GWAS for Atopic dermatitis in the Biobank Japan.,Large scale genome-wide association study in a Japanese population identified 45 novel susceptibility loci for 22 diseases,,878MB,download,
91,33,Atopic dermatitis(sex stratified),,"2,385 [M=1,262, F=1,123]","209,651 [M=107,862, F=101,789]",Association result of GWAS for Atopic dermatitis in the Biobank Japan.,Large scale genome-wide association study in a Japanese population identified 45 novel susceptibility loci for 22 diseases,,1.3GB,download,
92,34,Biliary tract cancer,,"339 [M=211, F=128]","195,745 [M=97,655, F=98,090]",Association result of GWAS for Biliary tract cancer in the Biobank Japan.,Large scale genome-wide association study in a Japanese population identified 45 novel susceptibility loci for 22 diseases,,821MB,download,
93,35,Biliary tract cancer(sex stratified),,"339 [M=211, F=128]","195,745 [M=97,655, F=98,090]",Association result of GWAS for Biliary tract cancer in the Biobank Japan.,Large scale genome-wide association study in a Japanese population identified 45 novel susceptibility loci for 22 diseases,,1.3GB,download,
94,36,Cataract,,"24,622 [M=11,641, F=12,981]","187,831 [M=97,706, F=90,125]",Association result of GWAS for Cataract in the Biobank Japan.,Large scale genome-wide association study in a Japanese population identified 45 novel susceptibility loci for 22 diseases,,883MB,download,
95,37,Cataract(sex stratified),,"24,622 [M=11,641, F=12,981]","187,831 [M=97,706, F=90,125]",Association result of GWAS for Cataract in the Biobank Japan.,Large scale genome-wide association study in a Japanese population identified 45 novel susceptibility loci for 22 diseases,,1.3GB,download,
96,38,Cerebral aneurysm,,"2,820 [M=1,002, F=1,818]","192,383 [M=97,455, F=94,928]",Association result of GWAS for Cerebral aneurysm in the Biobank Japan.,Large scale genome-wide association study in a Japanese population identified 45 novel susceptibility loci for 22 diseases,,878MB,download,
97,39,Cerebral aneurysm(sex stratified),,"2,820 [M=1,002, F=1,818]","192,383 [M=97,455, F=94,928]",Association result of GWAS for Cerebral aneurysm in the Biobank Japan.,Large scale genome-wide association study in a Japanese population identified 45 novel susceptibility loci for 22 diseases,,1.3GB,download,
98,40,Cervical cancer,,"605 [M=0, F=605]","89,731 [M=0, F=89,731]",Association result of GWAS for Cervical cancer in the Biobank Japan.,Large scale genome-wide association study in a Japanese population identified 45 novel susceptibility loci for 22 diseases,,869MB,download,
99,41,Chronic hepatitis B,,"1,394 [M=878, F=516]","211,059 [M=108,469, F=102,590]",Association result of GWAS for Chronic hepatitis B in the Biobank Japan.,Large scale genome-wide association study in a Japanese population identified 45 novel susceptibility loci for 22 diseases,,876MB,download,
100,42,Chronic hepatitis B(sex stratified),,"1,394 [M=878, F=516]","211,059 [M=108,469, F=102,590]",Association result of GWAS for Chronic hepatitis B in the Biobank Japan.,Large scale genome-wide association study in a Japanese population identified 45 novel susceptibility loci for 22 diseases,,1.3GB,download,
101,43,Chronic hepatitis C,,"5,794 [M=3,159, F=2,635]","206,659 [M=106,188, F=100,471]",Association result of GWAS for Chronic hepatitis C in the Biobank Japan.,Large scale genome-wide association study in a Japanese population identified 45 novel susceptibility loci for 22 diseases,,878MB,download,
102,44,Chronic hepatitis C(sex stratified),,"5,794 [M=3,159, F=2,635]","206,659 [M=106,188, F=100,471]",Association result of GWAS for Chronic hepatitis C in the Biobank Japan.,Large scale genome-wide association study in a Japanese population identified 45 novel susceptibility loci for 22 diseases,,1.3GB,download,
103,45,Chronic obstructive pulmonary disease,,"3,315 [M=2,855, F=460]","201,592 [M=103,089, F=98,503]",Association result of GWAS for Chronic obstructive pulmonary disease in the Biobank Japan.,Large scale genome-wide association study in a Japanese population identified 45 novel susceptibility loci for 22 diseases,,878MB,download,
104,46,Chronic obstructive pulmonary disease(sex stratified),,"3,315 [M=2,855, F=460]","201,592 [M=103,089, F=98,503]",Association result of GWAS for Chronic obstructive pulmonary disease in the Biobank Japan.,Large scale genome-wide association study in a Japanese population identified 45 novel susceptibility loci for 22 diseases,,1.3GB,download,
105,47,Cirrhosis,,"2,184 [M=1,347, F=837]","210,269 [M=108,000, F=102,269]",Association result of GWAS for Cirrhosis in the Biobank Japan.,Large scale genome-wide association study in a Japanese population identified 45 novel susceptibility loci for 22 diseases,,877MB,download,
106,48,Cirrhosis(sex stratified),,"2,184 [M=1,347, F=837]","210,269 [M=108,000, F=102,269]",Association result of GWAS for Cirrhosis in the Biobank Japan.,Large scale genome-wide association study in a Japanese population identified 45 novel susceptibility loci for 22 diseases,,1.3GB,download,
107,49,Colorectal cancer,,"7,062 [M=4,496, F=2,566]","195,745 [M=97,655, F=98,090]",Association result of GWAS for Colorectal cancer in the Biobank Japan.,Large scale genome-wide association study in a Japanese population identified 45 novel susceptibility loci for 22 diseases,,880MB,download,
108,50,Colorectal cancer(sex stratified),,"7,062 [M=4,496, F=2,566]","195,745 [M=97,655, F=98,090]",Association result of GWAS for Colorectal cancer in the Biobank Japan.,Large scale genome-wide association study in a Japanese population identified 45 novel susceptibility loci for 22 diseases,,1.3GB,download,
109,51,Congestive heart failure,,"9,413 [M=5,904, F=3,509]","203,040 [M=103,443, F=99,597]",Association result of GWAS for Congestive heart failure in the Biobank Japan.,Large scale genome-wide association study in a Japanese population identified 45 novel susceptibility loci for 22 diseases,,880MB,download,
110,52,Congestive heart failure(sex stratified),,"9,413 [M=5,904, F=3,509]","203,040 [M=103,443, F=99,597]",Association result of GWAS for Congestive heart failure in the Biobank Japan.,Large scale genome-wide association study in a Japanese population identified 45 novel susceptibility loci for 22 diseases,,1.3GB,download,
111,53,Drug eruption,,"430 [M=230, F=200]","209,651 [M=107,862, F=101,789]",Association result of GWAS for Drug eruption in the Biobank Japan.,Large scale genome-wide association study in a Japanese population identified 45 novel susceptibility loci for 22 diseases,,868MB,download,
112,54,Drug eruption(sex stratified),,"430 [M=230, F=200]","209,651 [M=107,862, F=101,789]",Association result of GWAS for Drug eruption in the Biobank Japan.,Large scale genome-wide association study in a Japanese population identified 45 novel susceptibility loci for 22 diseases,,1.3GB,download,
113,55,Endometrial cancer,,"999 [M=0, F=999]","89,731 [M=0, F=89,731]",Association result of GWAS for Endometrial cancer in the Biobank Japan.,Large scale genome-wide association study in a Japanese population identified 45 novel susceptibility loci for 22 diseases,,872MB,download,
114,56,Endometriosis,,"734 [M=0, F=734]","102,372 [M=0, F=102,372]",Association result of GWAS for Endometriosis in the Biobank Japan.,Large scale genome-wide association study in a Japanese population identified 45 novel susceptibility loci for 22 diseases,,872MB,download,
115,57,Epilepsy,,"2,143 [M=1,266, F=877]","210,310 [M=108,081, F=102,229]",Association result of GWAS for Epilepsy in the Biobank Japan.,Large scale genome-wide association study in a Japanese population identified 45 novel susceptibility loci for 22 diseases,,877MB,download,
116,58,Epilepsy(sex stratified),,"2,143 [M=1,266, F=877]","210,310 [M=108,081, F=102,229]",Association result of GWAS for Epilepsy in the Biobank Japan.,Large scale genome-wide association study in a Japanese population identified 45 novel susceptibility loci for 22 diseases,,1.3GB,download,
117,59,Esophageal cancer,,"1,300 [M=1,132, F=168]","195,745 [M=97,655, F=98,090]",Association result of GWAS for Esophageal cancer in the Biobank Japan.,Large scale genome-wide association study in a Japanese population identified 45 novel susceptibility loci for 22 diseases,,875MB,download,
118,60,Esophageal cancer(sex stratified),,"1,300 [M=1,132, F=168]","195,745 [M=97,655, F=98,090]",Association result of GWAS for Esophageal cancer in the Biobank Japan.,Large scale genome-wide association study in a Japanese population identified 45 novel susceptibility loci for 22 diseases,,1.3GB,download,
119,61,Gastric cancer,,"6,563 [M=4,885, F=1,678]","195,745 [M=97,655, F=98,090]",Association result of GWAS for Gastric cancer in the Biobank Japan.,Large scale genome-wide association study in a Japanese population identified 45 novel susceptibility loci for 22 diseases,,880MB,download,
120,62,Gastric cancer(sex stratified),,"6,563 [M=4,885, F=1,678]","195,745 [M=97,655, F=98,090]",Association result of GWAS for Gastric cancer in the Biobank Japan.,Large scale genome-wide association study in a Japanese population identified 45 novel susceptibility loci for 22 diseases,,1.3GB,download,
121,63,Glaucoma,,"5,761 [M=2,770, F=2,991]","206,692 [M=106,577, F=100,115]",Association result of GWAS for Glaucoma in the Biobank Japan.,Large scale genome-wide association study in a Japanese population identified 45 novel susceptibility loci for 22 diseases,,879MB,download,
122,64,Glaucoma(sex stratified),,"5,761 [M=2,770, F=2,991]","206,692 [M=106,577, F=100,115]",Association result of GWAS for Glaucoma in the Biobank Japan.,Large scale genome-wide association study in a Japanese population identified 45 novel susceptibility loci for 22 diseases,,1.3GB,download,
123,65,Graves' disease,,"2,176 [M=597, F=1,579]","210,277 [M=108,750, F=101,527]",Association result of GWAS for Graves' disease in the Biobank Japan.,Large scale genome-wide association study in a Japanese population identified 45 novel susceptibility loci for 22 diseases,,878MB,download,
124,66,Graves' disease(sex stratified),,"2,176 [M=597, F=1,579]","210,277 [M=108,750, F=101,527]",Association result of GWAS for Graves' disease in the Biobank Japan.,Large scale genome-wide association study in a Japanese population identified 45 novel susceptibility loci for 22 diseases,,1.3GB,download,
125,67,Hematological malignancy,,"1,236 [M=701, F=535]","211,217 [M=108,646, F=102,571]",Association result of GWAS for Hematological malignancy in the Biobank Japan.,Large scale genome-wide association study in a Japanese population identified 45 novel susceptibility loci for 22 diseases,,875MB,download,
126,68,Hematological malignancy(sex stratified),,"1,236 [M=701, F=535]","211,217 [M=108,646, F=102,571]",Association result of GWAS for Hematological malignancy in the Biobank Japan.,Large scale genome-wide association study in a Japanese population identified 45 novel susceptibility loci for 22 diseases,,1.3GB,download,
127,69,Interstitial lung disease,,"806 [M=495, F=311]","211,647 [M=108,852, F=102,795]",Association result of GWAS for Interstitial lung disease in the Biobank Japan.,Large scale genome-wide association study in a Japanese population identified 45 novel susceptibility loci for 22 diseases,,873MB,download,
128,70,Interstitial lung disease(sex stratified),,"806 [M=495, F=311]","211,647 [M=108,852, F=102,795]",Association result of GWAS for Interstitial lung disease in the Biobank Japan.,Large scale genome-wide association study in a Japanese population identified 45 novel susceptibility loci for 22 diseases,,1.3GB,download,
129,71,Ischemic stroke,,"17,671 [M=11,081, F=6,590]","192,383 [M=97,455, F=94,928]",Association result of GWAS for Ischemic stroke in the Biobank Japan.,Large scale genome-wide association study in a Japanese population identified 45 novel susceptibility loci for 22 diseases,,882MB,download,
130,72,Ischemic stroke(sex stratified),,"17,671 [M=11,081, F=6,590]","192,383 [M=97,455, F=94,928]",Association result of GWAS for Ischemic stroke in the Biobank Japan.,Large scale genome-wide association study in a Japanese population identified 45 novel susceptibility loci for 22 diseases,,1.3GB,download,
131,73,Keloid,,"812 [M=323, F=489]","211,641 [M=109,024, F=102,617]",Association result of GWAS for Keloid in the Biobank Japan.,Large scale genome-wide association study in a Japanese population identified 45 novel susceptibility loci for 22 diseases,,874MB,download,
132,74,Keloid(sex stratified),,"812 [M=323, F=489]","211,641 [M=109,024, F=102,617]",Association result of GWAS for Keloid in the Biobank Japan.,Large scale genome-wide association study in a Japanese population identified 45 novel susceptibility loci for 22 diseases,,1.3GB,download,
133,75,Lung cancer,,"4,050 [M=2,710, F=1,340]","208,403 [M=106,637, F=101,766]",Association result of GWAS for Lung cancer in the Biobank Japan.,Large scale genome-wide association study in a Japanese population identified 45 novel susceptibility loci for 22 diseases,,877MB,download,
134,76,Lung cancer(sex stratified),,"4,050 [M=2,710, F=1,340]","208,403 [M=106,637, F=101,766]",Association result of GWAS for Lung cancer in the Biobank Japan.,Large scale genome-wide association study in a Japanese population identified 45 novel susceptibility loci for 22 diseases,,1.3GB,download,
135,77,Nephrotic syndrome,,"957 [M=583, F=374]","211,496 [M=108,764, F=102,732]",Association result of GWAS for Nephrotic syndrome in the Biobank Japan.,Large scale genome-wide association study in a Japanese population identified 45 novel susceptibility loci for 22 diseases,,874MB,download,
136,78,Nephrotic syndrome(sex stratified),,"957 [M=583, F=374]","211,496 [M=108,764, F=102,732]",Association result of GWAS for Nephrotic syndrome in the Biobank Japan.,Large scale genome-wide association study in a Japanese population identified 45 novel susceptibility loci for 22 diseases,,1.3GB,download,
137,79,Osteoporosis,,"7,788 [M=696, F=7,092]","204,665 [M=108,651, F=96,014]",Association result of GWAS for Osteoporosis in the Biobank Japan.,Large scale genome-wide association study in a Japanese population identified 45 novel susceptibility loci for 22 diseases,,880MB,download,
138,80,Osteoporosis(sex stratified),,"7,788 [M=696, F=7,092]","204,665 [M=108,651, F=96,014]",Association result of GWAS for Osteoporosis in the Biobank Japan.,Large scale genome-wide association study in a Japanese population identified 45 novel susceptibility loci for 22 diseases,,1.3GB,download,
139,81,Ovarian cancer,,"720 [M=0, F=720]","89,731 [M=0, F=89,731]",Association result of GWAS for Ovarian cancer in the Biobank Japan.,Large scale genome-wide association study in a Japanese population identified 45 novel susceptibility loci for 22 diseases,,870MB,download,
140,82,Pancreatic cancer,,"442 [M=288, F=154]","195,745 [M=97,655, F=98,090]",Association result of GWAS for Pancreatic cancer in the Biobank Japan.,Large scale genome-wide association study in a Japanese population identified 45 novel susceptibility loci for 22 diseases,,870MB,download,
141,83,Pancreatic cancer(sex stratified),,"442 [M=288, F=154]","195,745 [M=97,655, F=98,090]",Association result of GWAS for Pancreatic cancer in the Biobank Japan.,Large scale genome-wide association study in a Japanese population identified 45 novel susceptibility loci for 22 diseases,,1.3GB,download,
142,84,Periodontal disease,,"3,219 [M=1,415, F=1,804]","209,234 [M=107,932, F=101,302]",Association result of GWAS for Periodontal disease in the Biobank Japan.,Large scale genome-wide association study in a Japanese population identified 45 novel susceptibility loci for 22 diseases,,878MB,download,
143,85,Periodontal disease(sex stratified),,"3,219 [M=1,415, F=1,804]","209,234 [M=107,932, F=101,302]",Association result of GWAS for Periodontal disease in the Biobank Japan.,Large scale genome-wide association study in a Japanese population identified 45 novel susceptibility loci for 22 diseases,,1.3GB,download,
144,86,Peripheral artery disease,,"3,593 [M=2,784, F=809]","208,860 [M=106,563, F=102,297]",Association result of GWAS for Peripheral artery disease in the Biobank Japan.,Large scale genome-wide association study in a Japanese population identified 45 novel susceptibility loci for 22 diseases,,878MB,download,
145,87,Peripheral artery disease(sex stratified),,"3,593 [M=2,784, F=809]","208,860 [M=106,563, F=102,297]",Association result of GWAS for Peripheral artery disease in the Biobank Japan.,Large scale genome-wide association study in a Japanese population identified 45 novel susceptibility loci for 22 diseases,,1.3GB,download,
146,88,Pollinosis,,"5,746 [M=2,460, F=3,286]","206,707 [M=106,887, F=99,820]",Association result of GWAS for Pollinosis in the Biobank Japan.,Large scale genome-wide association study in a Japanese population identified 45 novel susceptibility loci for 22 diseases,,879MB,download,
147,89,Pollinosis(sex stratified),,"5,746 [M=2,460, F=3,286]","206,707 [M=106,887, F=99,820]",Association result of GWAS for Pollinosis in the Biobank Japan.,Large scale genome-wide association study in a Japanese population identified 45 novel susceptibility loci for 22 diseases,,1.3GB,download,
148,90,Prostate cancer,,"5,408 [M=5,408, F=0]","103,939 [M=103,939, F=0]",Association result of GWAS for Prostate cancer in the Biobank Japan.,Large scale genome-wide association study in a Japanese population identified 45 novel susceptibility loci for 22 diseases,,877MB,download,
149,91,Pulmonary tuberculosis,,"549 [M=387, F=162]","211,904 [M=108,960, F=102,944]",Association result of GWAS for Pulmonary tuberculosis in the Biobank Japan.,Large scale genome-wide association study in a Japanese population identified 45 novel susceptibility loci for 22 diseases,,867MB,download,
150,92,Pulmonary tuberculosis(sex stratified),,"549 [M=387, F=162]","211,904 [M=108,960, F=102,944]",Association result of GWAS for Pulmonary tuberculosis in the Biobank Japan.,Large scale genome-wide association study in a Japanese population identified 45 novel susceptibility loci for 22 diseases,,1.3GB,download,
151,93,Rheumatoid arthritis,,"4,199 [M=874, F=3,325]","208,254 [M=108,473, F=99,781]",Association result of GWAS for Rheumatoid arthritis in the Biobank Japan.,Large scale genome-wide association study in a Japanese population identified 45 novel susceptibility loci for 22 diseases,,878MB,download,
152,94,Rheumatoid arthritis(sex stratified),,"4,199 [M=874, F=3,325]","208,254 [M=108,473, F=99,781]",Association result of GWAS for Rheumatoid arthritis in the Biobank Japan.,Large scale genome-wide association study in a Japanese population identified 45 novel susceptibility loci for 22 diseases,,1.3GB,download,
153,95,Type 2 diabetes,,"40,250 [M=25,705, F=14,545]","170,615 [M=82,774, F=87,841]",Association result of GWAS for Type 2 diabetes in the Biobank Japan.,Large scale genome-wide association study in a Japanese population identified 45 novel susceptibility loci for 22 diseases,,884MB,download,
154,96,Type 2 diabetes(sex stratified),,"40,250 [M=25,705, F=14,545]","170,615 [M=82,774, F=87,841]",Association result of GWAS for Type 2 diabetes in the Biobank Japan.,Large scale genome-wide association study in a Japanese population identified 45 novel susceptibility loci for 22 diseases,,1.3GB,download,
155,97,Urolithiasis,,"6,638 [M=4,996, F=1,642]","205,815 [M=104,351, F=101,464]",Association result of GWAS for Urolithiasis in the Biobank Japan.,Large scale genome-wide association study in a Japanese population identified 45 novel susceptibility loci for 22 diseases,,880MB,download,
156,98,Urolithiasis(sex stratified),,"6,638 [M=4,996, F=1,642]","205,815 [M=104,351, F=101,464]",Association result of GWAS for Urolithiasis in the Biobank Japan.,Large scale genome-wide association study in a Japanese population identified 45 novel susceptibility loci for 22 diseases,,1.3GB,download,
157,99,Uterine fibroids,,"5,954 [M=0, F=5,954]","95,010 [M=0, F=95,010]",Association result of GWAS for Uterine fibroids in the Biobank Japan.,Large scale genome-wide association study in a Japanese population identified 45 novel susceptibility loci for 22 diseases,,877MB,download,
158,100,hepatocellular carcinoma,,"1,866 [M=1,384, F=482]","195,745 [M=97,655, F=98,090]",Association result of GWAS for hepatocellular carcinoma in the Biobank Japan.,Large scale genome-wide association study in a Japanese population identified 45 novel susceptibility loci for 22 diseases,,878MB,download,
159,101,hepatocellular carcinoma(sex stratified),,"1,866 [M=1,384, F=482]","195,745 [M=97,655, F=98,090]",Association result of GWAS for hepatocellular carcinoma in the Biobank Japan.,Large scale genome-wide association study in a Japanese population identified 45 novel susceptibility loci for 22 diseases,,1.3GB,download,